<?xml version="1.0" encoding="UTF-8"?>
<beans xmlns="http://www.springframework.org/schema/beans"
	xmlns:xsi="http://www.w3.org/2001/XMLSchema-instance"
	xmlns:aop="http://www.springframework.org/schema/aop" 
	xmlns:context="http://www.springframework.org/schema/context"
	xmlns:tx="http://www.springframework.org/schema/tx"
	xsi:schemaLocation="http://www.springframework.org/schema/beans 
						http://www.springframework.org/schema/beans/spring-beans-3.0.xsd
						http://www.springframework.org/schema/aop 
						http://www.springframework.org/schema/aop/spring-aop-3.0.xsd
						http://www.springframework.org/schema/context 
						http://www.springframework.org/schema/context/spring-context-3.0.xsd
						http://www.springframework.org/schema/tx 
						http://www.springframework.org/schema/tx/spring-tx-3.0.xsd
	">
	
	
	<!-- 启用注解 -->
	<context:annotation-config />
	
	<aop:aspectj-autoproxy proxy-target-class="true"/>
	
	<!-- 启动组件扫描，排除@Controller组件，该组件由SpringMVC配置文件扫描 -->
	<context:component-scan base-package="com.lsq.webuploader.service"/>
	
	<bean name="transactionManager" class="org.springframework.jdbc.datasource.DataSourceTransactionManager">   
    	<property name="dataSource" ref="dataSource"></property>
 	</bean>
	
	<bean id="propertyConfigurer" class="org.springframework.beans.factory.config.PropertyPlaceholderConfigurer">  
		<property name="locations">  
			<list>  
                 <value>classpath:dbconfig.properties</value>  
            </list>  
        </property>  
	</bean> 
	
	<!-- 阿里 druid数据库连接池 -->
	<bean id="dataSource" class="com.alibaba.druid.pool.DruidDataSource" destroy-method="close">  
         <!-- 数据库基本信息配置 -->
         <property name="url" value="${url}" />  
         <property name="username" value="${username}" />  
         <property name="password" value="${password}" />  
         <property name="driverClassName" value="${driverClassName}" />  
	</bean>  
	
	<!-- 配置mybatis -->
	<bean id="sqlSessionFactory" class="org.mybatis.spring.SqlSessionFactoryBean">
    	<property name="dataSource" ref="dataSource" />
        <property name="configLocation" value="classpath:mybatis/mybatis-config.xml"></property>
    </bean>
    
    <bean class="org.mybatis.spring.mapper.MapperScannerConfigurer">
		<!-- 配置扫描包的路径如果要扫描多个包，中间使用半角逗号分隔-->
		<property name="basePackage" value="com.lsq.webuploader.mapper"/>
		<!-- 使用sqlSessionFactoryBeanName -->
		<property name="sqlSessionFactoryBeanName" value="sqlSessionFactory"/>
	</bean>
   
</beans>
