<?xml version="1.0" encoding="UTF-8"?>
<!DOCTYPE mapper PUBLIC "-//mybatis.org//DTD Mapper 3.0//EN" 
	"http://mybatis.org/dtd/mybatis-3-mapper.dtd">
<mapper namespace="com.lsq.webuploader.mapper.BizFileMapper">
	<!--表名 -->
	<sql id="tableName">
		biz_file
	</sql>
	
	<!-- 字段 -->
	<sql id="Field">
		URL,
		NAME,	
		ID,
		SIZE,
		TYPE
	</sql>	
	
	<sql id="FieldValue">
	#{url},
	#{name},
	#{id},
	#{size},
	#{type}
	</sql>
	
	<!-- resultMap 全局 -->
	<resultMap type="bizFile" id="allResultMap">
		<id column="ID_AUTO" property="idAuto"/>
		<result column="URL" property="url"/>
		<result column="NAME" property="name"/>
		<result column="ID" property="id"/>
		<result column="SIZE" property="size"/>
		<result column="TYPE" property="type"/>
	</resultMap>
	
	<insert id="save" parameterType="bizFile">
		insert into <include refid="tableName"></include>(<include refid="Field"></include>) values(<include refid="FieldValue"></include>)
	</insert>
	
	<select id="queryList" resultMap="allResultMap">
		select * from <include refid="tableName"></include> where ID_AUTO limit 0,4
	</select>
	
</mapper>